education_key,literacy_rate_percent_m_15-24,literacy_rate_percent_15-24,literacy_rate_percent_f_15-plus,literacy_rate_percent_m_15-plus,literacy_percent_15-plus,primary_completion_rate_percent_f,primary_completion_rate_percent_m,primary_completion_rate_percent,primary_enroll_rate_percent_gross,pimary_enroll_rate_percent_gross_f,pimary_enroll_rate_percent_gross_m,primary_enroll_rate_percent_net,primary_enroll_rate_percent_net_f,primary_enroll_rate_percent_net_m,secondary_enroll_rate_percent_gross,secondary_enroll_rate_percent_gross_f,secondary_enroll_rate_percent_gross_m,secondary_enroll_rate_percent_net,secondary_enroll_rate_percent_net_f,secondary_enroll_rate_percent_net_m,tertiary_enroll_rate_percent_gross,spending_education_percent_gdp
3000,57.68652439117432,59.02971410751343,42.882329225540175,47.10882163047792,44.98105931282045,68.8696670532227,63.8693199157715,66.3205490112305,101.647811889648,103.954536437988,99.430549621582,93.68999,5.854116875,5.7194625,46.9628295898438,48.4769515991211,45.5096092224121,43.94428,45.41747,42.53033,6.44670009613037,1.0914824903011313
3001,57.68652439117432,59.02971410751343,42.882329225540175,47.10882163047792,44.98105931282045,16.94520878791809,15.414164304733282,16.164610624313354,102.416152954102,105.258392333984,99.6859512329102,93.43051,5.854116875,5.7194625,47.5297813415527,48.8530082702637,46.2574310302734,44.60284,45.90001,43.35556,7.36119985580444,2.13128995895386
3002,54.2743301391602,61.8728103637695,43.7408485412598,49.8323287963867,46.6636009216309,16.94520878791809,15.414164304733282,16.164610624313354,101.620246887207,105.24104309082,98.1419219970703,28.922559375,5.854116875,5.7194625,48.3010597229004,49.5662803649902,47.0835113525391,45.41006,46.63704,44.22933,7.93297004699707,2.20221996307373
3003,57.68652439117432,59.02971410751343,42.882329225540175,47.10882163047792,44.98105931282045,61.9892082214355,56.1707000732422,59.0229911804199,99.5429306030273,102.592628479004,96.6122894287109,92.56719,93.66587,91.5114,46.2411193847656,49.0108909606934,43.5757598876953,39.614216875,41.89475625,37.427915,8.88409042358398,2.0545699596405
3004,57.68652439117432,59.02971410751343,42.882329225540175,47.10882163047792,44.98105931282045,68.4999465942383,62.5326614379883,65.4580383300781,102.92756652832,105.38208770752,100.56884765625,92.54123,5.854116875,5.7194625,49.9982414245605,51.9128303527832,48.1570014953613,46.3405,48.25183,44.50241,10.8580904006958,1.9394199848175
3005,57.68652439117432,59.02971410751343,42.882329225540175,47.10882163047792,44.98105931282045,71.764518737793,64.0539474487305,67.8321914672852,105.974548339844,109.253448486328,102.825469970703,90.53203,5.854116875,5.7194625,51.6376991271973,54.6750907897949,48.7195587158203,47.65124,50.41391,44.99704,13.349793106317524,1.0914824903011313
3006,76.4033966064453,77.984992980957,55.1194381713867,62.4830589294434,58.7691802978516,16.94520878791809,15.414164304733282,16.164610624313354,60.32129430770877,62.27995157241819,58.4412069320679,28.922559375,5.854116875,5.7194625,52.4313697814941,56.1982116699219,48.8114814758301,47.29212,50.83343,43.88896,13.6915597915649,2.13269996643066
3007,76.2763137817383,77.8329086303711,54.2360382080078,61.5428695678711,57.8607482910156,16.94520878791809,15.414164304733282,16.164610624313354,60.32129430770877,62.27995157241819,58.4412069320679,28.922559375,5.854116875,5.7194625,55.2099685668945,58.8246116638184,51.7394218444824,49.66535,53.12643,46.34225,13.8009996414185,2.17549991607666
3008,84.0944976806641,85.5271530151367,57.7890014648438,64.2137680053711,61.0155410766602,16.94520878791809,15.414164304733282,16.164610624313354,60.32129430770877,62.27995157241819,58.4412069320679,28.922559375,5.854116875,5.7194625,60.1687393188477,62.5847282409668,57.8526191711426,54.27441,56.53654,52.1058,13.5304203033447,1.96616005897522
3009,84.6286773681641,85.5547332763672,57.8609313964844,64.3650894165039,61.0932998657227,16.94520878791809,15.414164304733282,16.164610624313354,60.32129430770877,62.27995157241819,58.4412069320679,28.922559375,5.854116875,5.7194625,55.29986310005188,58.62631344795228,52.11248326301574,39.614216875,41.89475625,37.427915,13.8650798797607,1.0914824903011313
3010,86.1879501342773,87.8887710571289,62.2529907226563,68.0553588867188,65.1373291015625,16.94520878791809,15.414164304733282,16.164610624313354,60.32129430770877,62.27995157241819,58.4412069320679,28.922559375,5.854116875,5.7194625,65.6291885375977,69.6540603637695,61.7781982421875,59.13634,63.11644,55.32819,13.7874097824097,1.0914824903011313
3011,90.9053497314453,92.2426528930664,69.8972091674805,75.6188507080078,72.7587203979492,16.94520878791809,15.414164304733282,16.164610624313354,60.32129430770877,62.27995157241819,58.4412069320679,28.922559375,5.854116875,5.7194625,71.4158401489258,75.0108108520508,67.9747619628906,65.21977,68.92778,61.67048,17.8743591308594,1.53553998470306
3012,91.5412902832031,92.9507598876953,70.0857009887695,75.7023620605469,72.8929672241211,16.94520878791809,15.414164304733282,16.164610624313354,114.988662719727,119.057960510254,111.086807250977,28.922559375,5.854116875,5.7194625,69.6631698608398,75.2174911499023,64.3477401733398,63.74088,68.87605,58.82658,18.151460647583,1.0914824903011313
3013,91.8037185668945,93.2964401245117,71.1819381713867,76.6692581176758,73.9122009277344,16.94520878791809,15.414164304733282,16.164610624313354,116.466339111328,120.751747131348,112.357452392578,28.922559375,5.854116875,5.7194625,72.6905975341797,78.2707290649414,67.3534774780273,66.54968,72.27917,61.06971,20.5650691986084,1.0914824903011313
3014,93.7046966552734,94.8624267578125,71.9483871459961,77.4414901733398,74.6844635009766,16.94520878791809,15.414164304733282,16.164610624313354,60.32129430770877,62.27995157241819,58.4412069320679,28.922559375,5.854116875,5.7194625,72.5581283569336,78.2772674560547,67.0911026000977,39.614216875,41.89475625,37.427915,24.0168895721436,1.32632005214691
3015,93.1641693115234,94.4617767333984,72.0047836303711,77.8167114257813,74.9088973999023,16.94520878791809,15.414164304733282,16.164610624313354,119.556449890137,124.987380981445,114.350021362305,28.922559375,5.854116875,5.7194625,74.3600769042969,81.4880523681641,67.5480575561523,39.614216875,41.89475625,37.427915,22.8303909301758,1.0914824903011313
3016,0.0,0.0,0.0,0.0,0.0,0.0,0.0,0.0,97.3645706176758,96.9387130737305,97.7711868286133,37.356409375,0.0,0.0,101.391189575195,100.234382629395,102.487060546875,35.3814,35.3867625,35.3765375,53.52767872810363,4.76588010787964
3017,0.0,0.0,0.0,0.0,0.0,0.0,0.0,0.0,98.8806304931641,98.5098266601563,99.2344436645508,37.356409375,0.0,0.0,101.728248596191,100.669502258301,102.732360839844,35.3814,35.3867625,35.3765375,53.52767872810363,1.851088136434555
3018,0.0,0.0,0.0,0.0,0.0,0.0,0.0,0.0,98.9664764404297,98.7211074829102,99.2001876831055,37.356409375,0.0,0.0,101.90348815918,100.74836730957,103.001899719238,35.3814,35.3867625,35.3765375,63.6000595092773,4.7664098739624
3019,0.0,0.0,0.0,0.0,0.0,0.0,0.0,0.0,98.013313293457,97.9208602905273,98.1011810302734,37.356409375,0.0,0.0,102.344436645508,101.104248046875,103.525932312012,35.3814,35.3867625,35.3765375,63.7673988342285,4.62612009048462
3020,0.0,0.0,0.0,0.0,0.0,0.0,0.0,0.0,99.0087966918945,99.0851287841797,98.936393737793,37.356409375,0.0,0.0,102.734443664551,101.503608703613,103.908081054688,35.3814,35.3867625,35.3765375,63.0657691955566,4.84057998657227
3021,0.0,0.0,0.0,0.0,0.0,0.0,0.0,0.0,98.6416015625,98.9050598144531,98.3922424316406,37.356409375,0.0,0.0,102.398483276367,101.156692504883,103.582977294922,35.3814,35.3867625,35.3765375,61.6558494567871,5.356369972229
3022,0.0,0.0,0.0,0.0,0.0,0.0,0.0,0.0,98.1893692016602,98.548828125,97.8499298095703,37.356409375,0.0,0.0,103.348960876465,102.266876220703,104.380767822266,35.3814,35.3867625,35.3765375,63.4673194885254,5.26205015182495
3023,0.0,0.0,0.0,0.0,0.0,0.0,0.0,0.0,99.5182800292969,100.06697845459,99.0009078979492,99.45167,0.0,0.0,109.987487792969,109.856071472168,110.112503051758,92.14326,91.93075,92.3454,63.980770111084,1.851088136434555
3024,0.0,0.0,0.0,0.0,0.0,0.0,0.0,0.0,100.340713500977,100.913726806641,99.8001480102539,99.43231,0.0,0.0,109.485992431641,109.61531829834,109.363327026367,91.46145,91.36203,91.55575,65.3322982788086,1.851088136434555
3025,0.0,0.0,0.0,0.0,0.0,0.0,0.0,0.0,101.536659240723,102.158683776855,100.948692321777,99.39113,0.0,0.0,109.333099365234,109.651222229004,109.032302856445,90.95273,90.68651,91.20447,65.612907409668,1.851088136434555
3026,0.0,0.0,0.0,0.0,0.0,0.0,0.0,0.0,102.485076904297,102.907958984375,102.08415222168,99.58907,0.0,0.0,110.35652923584,110.857620239258,109.883949279785,92.4135,92.51468,92.31806,64.7869567871094,1.851088136434555
3027,0.0,0.0,0.0,0.0,0.0,0.0,0.0,0.0,101.023872375488,101.068466186523,100.981452941895,99.95587,0.0,0.0,112.514282226563,113.386459350586,111.693092346191,99.32178,99.69423,98.97111,66.4391784667969,1.851088136434555
3028,0.0,0.0,0.0,0.0,0.0,0.0,0.0,0.0,100.94367980957,100.819137573242,101.062438964844,99.8825,0.0,0.0,113.76286315918,114.520637512207,113.046676635742,99.80968,100,99.62981,68.9225082397461,1.851088136434555
3029,0.0,0.0,0.0,0.0,0.0,0.0,0.0,0.0,101.501091003418,101.275398254395,101.716621398926,37.356409375,0.0,0.0,114.123512268066,114.747680664063,113.531532287598,35.3814,35.3867625,35.3765375,70.1130218505859,1.851088136434555
3030,0.0,0.0,0.0,0.0,0.0,0.0,0.0,0.0,100.989753723145,100.694023132324,101.272323608398,37.356409375,0.0,0.0,114.333267211914,114.820533752441,113.869750976563,35.3814,35.3867625,35.3765375,75.6988220214844,1.851088136434555
3031,0.0,0.0,0.0,0.0,0.0,0.0,0.0,0.0,93.58774280548101,93.65836858749387,93.52201890945437,37.356409375,0.0,0.0,100.60914278030398,100.32120132446292,100.88451337814337,35.3814,35.3867625,35.3765375,53.52767872810363,1.851088136434555
3032,5.783074378967282,4.347751855850219,1.743039965629575,4.390437006950382,3.0196588039398247,20.3276596069336,39.7669105529785,30.0958194732666,71.6145706176758,57.7772216796875,85.311767578125,18.250596875,15.8807375,20.609905625,15.6400203704834,8.02972984313965,23.1702308654785,2.331028125,1.51640875,3.1392525,1.4206999540329,1.69476997852325
3033,5.783074378967282,4.347751855850219,1.743039965629575,4.390437006950382,3.0196588039398247,20.4008197784424,38.7018508911133,29.5975303649902,70.9291381835938,57.3852882385254,84.3376312255859,18.250596875,15.8807375,20.609905625,16.0604991912842,8.46424961090088,23.5757503509521,2.331028125,1.51640875,3.1392525,1.0230450183153155,1.7306231036782256
3034,5.783074378967282,4.347751855850219,1.743039965629575,4.390437006950382,3.0196588039398247,18.444881200790405,29.630528211593642,24.058149576187148,69.7853317260742,57.3603286743164,82.0851669311523,18.250596875,15.8807375,20.609905625,18.5013999938965,11.4395704269409,25.4904308319092,2.331028125,1.51640875,3.1392525,1.0230450183153155,1.7306231036782256
3035,5.783074378967282,4.347751855850219,1.743039965629575,4.390437006950382,3.0196588039398247,18.444881200790405,29.630528211593642,24.058149576187148,77.7206497192383,64.1906509399414,91.1190719604492,18.250596875,15.8807375,20.609905625,20.9453105926514,12.1979598999023,29.6043796539307,2.331028125,1.51640875,3.1392525,1.94304001331329,1.7306231036782256
3036,5.783074378967282,4.347751855850219,1.743039965629575,4.390437006950382,3.0196588039398247,22.7014408111572,39.3601303100586,31.0771808624268,81.9750595092773,67.8360824584961,95.9881591796875,18.250596875,15.8807375,20.609905625,22.9927196502686,13.4071397781372,32.4814186096191,2.331028125,1.51640875,3.1392525,2.00883007049561,2.31173992156982
3037,5.783074378967282,4.347751855850219,1.743039965629575,4.390437006950382,3.0196588039398247,23.1339702606201,38.5011596679688,30.8605804443359,81.9184799194336,69.1014709472656,94.6383514404297,18.250596875,15.8807375,20.609905625,22.5885696411133,13.3939695358276,31.6873207092285,2.331028125,1.51640875,3.1392525,2.09606003761292,1.98194003105164
3038,5.783074378967282,4.347751855850219,1.743039965629575,4.390437006950382,3.0196588039398247,26.0040893554688,41.79296875,33.9375915527344,88.6454772949219,75.7274780273438,101.487396240234,61.66744,53.49643,69.79032,23.0659408569336,14.0074901580811,32.025821685791,2.331028125,1.51640875,3.1392525,2.21495008468628,2.25789999961853
3039,5.783074378967282,4.347751855850219,1.743039965629575,4.390437006950382,3.0196588039398247,26.2705497741699,42.4699592590332,34.4006614685059,92.8953323364258,79.7950210571289,105.93335723877,18.250596875,15.8807375,20.609905625,22.3210906982422,13.9688997268677,30.5871906280518,2.331028125,1.51640875,3.1392525,1.0230450183153155,2.20615005493164
3040,5.783074378967282,4.347751855850219,1.743039965629575,4.390437006950382,3.0196588039398247,29.1114196777344,46.1634902954102,37.6621894836426,100.132751464844,86.3178176879883,113.890258789063,78.09266,67.37677,88.764,24.6756496429443,15.5000896453857,33.7620887756348,2.331028125,1.51640875,3.1392525,1.0230450183153155,2.85070991516113
3041,5.783074378967282,4.347751855850219,1.743039965629575,4.390437006950382,3.0196588039398247,18.444881200790405,29.630528211593642,24.058149576187148,101.584831237793,87.3128509521484,115.800300598145,18.250596875,15.8807375,20.609905625,23.0396595001221,14.2842597961426,31.7155208587646,2.331028125,1.51640875,3.1392525,3.43384003639221,2.59999990463257
3042,51.8362998962402,38.7724189758301,13.9334096908569,38.9182014465332,26.0029907226563,29.6690292358398,45.2961616516113,37.4959716796875,91.5831298828125,79.4482192993164,103.669708251953,79.09656,69.14669,89.00681,22.415060043335,13.8637504577637,30.8951892852783,18.44135,11.97697,24.85191,3.25130009651184,2.40000009536743
3043,40.6928901672363,30.7916107177734,13.9552297592163,31.3287906646729,22.3115501403809,33.0281410217285,49.5873184204102,41.3202590942383,86.8468704223633,75.4686737060547,98.1793212890625,73.15289,64.07191,82.19736,22.5566005706787,14.1596403121948,30.8915691375732,18.8551,12.28557,25.37613,1.0230450183153155,2.29999995231628
3044,5.783074378967282,4.347751855850219,1.743039965629575,4.390437006950382,3.0196588039398247,30.8099498748779,45.0125617980957,37.9223899841309,78.5740432739258,67.6915817260742,89.4078903198242,18.250596875,15.8807375,20.609905625,20.680700302124,13.9281902313232,27.3943290710449,2.331028125,1.51640875,3.1392525,1.0230450183153155,2.45481991767883
3045,5.783074378967282,4.347751855850219,1.743039965629575,4.390437006950382,3.0196588039398247,33.6610298156738,47.4359397888184,40.5602188110352,89.7342834472656,78.4958114624023,100.916831970215,18.250596875,15.8807375,20.609905625,20.2102794647217,13.8878898620605,26.5042705535889,2.331028125,1.51640875,3.1392525,1.0230450183153155,2.25947999954224
3046,5.783074378967282,4.347751855850219,1.743039965629575,4.390437006950382,3.0196588039398247,18.444881200790405,29.630528211593642,24.058149576187148,89.1911392211914,78.0417098999023,100.27995300293,18.250596875,15.8807375,20.609905625,20.5550403594971,14.2773399353027,26.8095607757568,2.331028125,1.51640875,3.1392525,1.0230450183153155,2.37245988845825
3047,5.783074378967282,4.347751855850219,1.743039965629575,4.390437006950382,3.0196588039398247,18.444881200790405,29.630528211593642,24.058149576187148,79.57069301605226,67.62188792228699,91.44032287597663,18.250596875,15.8807375,20.609905625,19.765533804893508,12.175635576248157,27.287191987037655,2.331028125,1.51640875,3.1392525,1.0230450183153155,1.7306231036782256
3048,10.261096954345707,8.227624535560606,3.8654224872589187,8.4288158416748,6.058078765869144,42.6110992431641,63.6354598999023,53.207878112793,78.1001815795898,69.4308700561523,86.6281280517578,62.90998,56.87337,68.84817,29.0608406066895,19.145170211792,38.9553184509277,23.22898,15.83136,30.6108,3.07600998878479,1.84906005859375
3049,10.261096954345707,8.227624535560606,3.8654224872589187,8.4288158416748,6.058078765869144,47.797908782959,67.0015029907227,57.4863510131836,79.6461029052734,72.0254287719727,87.1332092285156,64.5528,59.21631,69.79576,32.2893600463867,22.0213394165039,42.4902000427246,25.549,18.1986,32.85131,5.33443021774292,1.9488068893551826
3050,10.261096954345707,8.227624535560606,3.8654224872589187,8.4288158416748,6.058078765869144,49.0343894958496,66.3352203369141,57.7622718811035,81.7479095458984,74.5858764648438,88.7881774902344,66.27116,61.1535,71.30181,13.123593091964725,7.8610756397247314,13.634485006332394,6.938359999999999,5.169112500000001,8.690561875,8.27645015716553,1.9488068893551826
3051,10.261096954345707,8.227624535560606,3.8654224872589187,8.4288158416748,6.058078765869144,42.8121109008789,58.348690032959,50.6495094299316,82.7778472900391,75.385498046875,90.0479125976563,65.68297,60.43325,70.84586,33.8842086791992,24.6120796203613,43.0917205810547,6.938359999999999,5.169112500000001,8.690561875,9.43566036224365,1.58112001419067
3052,10.261096954345707,8.227624535560606,3.8654224872589187,8.4288158416748,6.058078765869144,47.9248695373535,65.4252471923828,56.753589630127,82.3814315795898,75.191650390625,89.4548034667969,66.88138,61.61344,72.06402,13.123593091964725,7.8610756397247314,13.634485006332394,6.938359999999999,5.169112500000001,8.690561875,9.56892967224121,2.20725011825562
3053,37.5671501159668,31.4064197540283,12.1919498443604,36.7897911071777,25.3077392578125,46.6886215209961,66.9605331420898,56.9179611206055,84.2496795654297,76.0246810913086,92.3432922363281,68.67825,62.33801,74.91722,13.123593091964725,7.8610756397247314,13.634485006332394,6.938359999999999,5.169112500000001,8.690561875,10.9002504348755,2.55118989944458
3054,10.261096954345707,8.227624535560606,3.8654224872589187,8.4288158416748,6.058078765869144,52.1367988586426,65.8525238037109,59.0598602294922,87.285530090332,80.251091003418,94.2083282470703,72.46964,67.14649,77.70831,37.6030311584473,28.9577903747559,46.1272392272949,30.02945,23.11503,36.84707,11.0658798217773,2.28742003440857
3055,10.261096954345707,8.227624535560606,3.8654224872589187,8.4288158416748,6.058078765869144,53.8191909790039,66.2715530395508,60.1013793945313,89.2085266113281,81.5132598876953,96.7914581298828,73.05369,67.47415,78.55179,37.806079864502,7.8610756397247314,13.634485006332394,6.938359999999999,5.169112500000001,8.690561875,10.5216703414917,1.83370995521545
3056,10.261096954345707,8.227624535560606,3.8654224872589187,8.4288158416748,6.058078765869144,54.5464782714844,66.9977188110352,60.8259201049805,91.1446914672852,83.3295516967773,98.852180480957,74.10601,68.37204,79.76098,13.123593091964725,7.8610756397247314,13.634485006332394,6.938359999999999,5.169112500000001,8.690561875,11.0482702255249,2.63421010971069
3057,56.9705085754395,46.295051574707,21.9622497558594,43.6400909423828,32.0038414001465,55.9893989562988,68.4238662719727,62.2595405578613,92.7637405395508,84.9847717285156,100.438003540039,76.90338,71.09152,82.63701,39.3339691162109,31.0408306121826,47.4872817993164,32.20633,25.56081,38.73981,11.5593099594116,2.42281007766724
3058,10.261096954345707,8.227624535560606,3.8654224872589187,8.4288158416748,6.058078765869144,51.5083618164063,68.9372024536133,60.297550201416,65.10001134872437,59.220847129821784,70.8888373374939,47.97032125,44.030205625,51.849168750000004,13.123593091964725,7.8610756397247314,13.634485006332394,6.938359999999999,5.169112500000001,8.690561875,9.36091995239258,2.51713991165161
3059,10.261096954345707,8.227624535560606,3.8654224872589187,8.4288158416748,6.058078765869144,51.2003898620605,67.9847869873047,59.6673698425293,91.5091705322266,82.3612823486328,100.524772644043,76.01588,68.77121,83.15577,13.123593091964725,7.8610756397247314,13.634485006332394,6.938359999999999,5.169112500000001,8.690561875,9.34230995178223,2.54450011253357
3060,10.261096954345707,8.227624535560606,3.8654224872589187,8.4288158416748,6.058078765869144,40.50254917144776,53.67480111122131,47.14626812934876,65.10001134872437,59.220847129821784,70.8888373374939,47.97032125,44.030205625,51.849168750000004,13.123593091964725,7.8610756397247314,13.634485006332394,6.938359999999999,5.169112500000001,8.690561875,9.18072986602783,2.3203399181366
3061,69.639892578125,53.9405212402344,27.6925601959229,54.4311714172363,39.6176795959473,40.50254917144776,53.67480111122131,47.14626812934876,65.10001134872437,59.220847129821784,70.8888373374939,47.97032125,44.030205625,51.849168750000004,13.123593091964725,7.8610756397247314,13.634485006332394,6.938359999999999,5.169112500000001,8.690561875,7.92106008529663,2.38432002067566
3062,10.261096954345707,8.227624535560606,3.8654224872589187,8.4288158416748,6.058078765869144,40.50254917144776,53.67480111122131,47.14626812934876,65.10001134872437,59.220847129821784,70.8888373374939,47.97032125,44.030205625,51.849168750000004,13.123593091964725,7.8610756397247314,13.634485006332394,6.938359999999999,5.169112500000001,8.690561875,7.018630027771,1.84836995601654
3063,10.261096954345707,8.227624535560606,3.8654224872589187,8.4288158416748,6.058078765869144,51.9711685180664,66.6225128173828,59.3511085510254,100.785369873047,92.449592590332,109.011131286621,47.97032125,44.030205625,51.849168750000004,13.123593091964725,7.8610756397247314,13.634485006332394,6.938359999999999,5.169112500000001,8.690561875,8.350656941533085,2.19947004318237
3064,55.84254693984985,55.80428600311279,51.65951538085938,54.227027416229255,52.933554649353034,95.0820388793945,93.4954605102539,94.2734375,107.955436706543,106.241523742676,109.604682922363,88.93075,87.51888,90.28935,60.1542892456055,59.8385314941406,60.4603500366211,53.3964,53.12387,53.66057,17.2262992858887,2.8728199005127
3065,97.027473449707,96.6510391235352,88.786979675293,95.1585388183594,91.9822692871094,93.0359802246094,92.1051635742188,92.5608978271484,106.268379211426,104.600212097168,107.871528625488,91.79173,90.35039,93.17688,62.6410293579102,62.8922805786133,62.3982810974121,57.5779,57.81846,57.34547,17.280179977417,2.7497362494468693
3066,55.84254693984985,55.80428600311279,51.65951538085938,54.227027416229255,52.933554649353034,95.9132385253906,97.3488388061523,96.6458129882813,109.305770874023,107.239166259766,111.289932250977,93.81578,91.99975,95.55935,70.5409164428711,70.7596282958984,70.3291091918945,64.8416,65.05054,64.63926,17.7949295043945,3.04425001144409
3067,99.537483215332,99.4601135253906,89.1013870239258,95.383186340332,92.1922988891602,96.3619766235352,97.0098266601563,96.6925964355469,107.822540283203,106.77921295166,108.821800231934,93.13418,92.23255,93.99772,69.6562271118164,69.3752517700195,69.9284515380859,64.02634,63.80221,64.24349,20.6682090759277,2.90190005302429
3068,99.5500335693359,99.4737396240234,89.677116394043,95.6470108032227,92.5817031860352,99.3723983764648,97.7607116699219,98.5490875244141,108.549240112305,107.299652099609,109.741668701172,93.76106,92.68116,94.79157,74.6276473999023,74.3773574829102,74.8697814941406,64.76545,64.28802,65.22731,22.9891204833984,3.52513003349304
3069,55.84254693984985,55.80428600311279,51.65951538085938,54.227027416229255,52.933554649353034,61.842890739440904,61.85234117507933,100.589088439941,109.150337219238,110.952178955078,107.438140869141,94.22952,94.47534,93.99594,76.4262466430664,76.671989440918,76.1892013549805,66.64897,66.52676,66.76686,24.0762596130371,2.81227993965149
3070,98.803840637207,98.7779998779297,90.0687026977539,95.5910873413086,92.8119125366211,61.842890739440904,61.85234117507933,68.13544368743898,109.179832458496,111.182281494141,107.284889221191,93.73808,95.58735,91.98809,79.1144790649414,79.3128204345703,78.9238433837891,72.91917,73.10344,72.74204,26.3031997680664,3.18944001197815
3071,55.84254693984985,55.80428600311279,51.65951538085938,54.227027416229255,52.933554649353034,104.619102478027,101.656127929688,103.098258972168,109.273422241211,109.110191345215,109.427558898926,92.85318,93.29728,92.43378,80.4523315429688,81.5425872802734,79.4092102050781,74.17695,75.29503,73.1072,30.4290008544922,3.40748000144959
3072,55.84254693984985,55.80428600311279,51.65951538085938,54.227027416229255,52.933554649353034,102.72029876709,99.6562805175781,101.145629882813,106.841590881348,106.654388427734,107.018173217773,90.5756,90.99734,90.17779,82.6376419067383,81.3490600585938,83.8665390014648,75.36034,74.33205,76.34101,31.0637092590332,3.35904002189636
3073,99.6815567016602,99.6802215576172,93.4508972167969,96.7910079956055,95.1162185668945,100.547958374023,106.193222045898,103.451530456543,106.073402404785,104.714019775391,107.355171203613,90.00059,89.41192,90.55565,82.6823806762695,82.3718185424805,82.9778137207031,75.21275,74.88044,75.52886,30.8957595825195,3.28800988197327
3074,99.7017593383789,99.6700668334961,93.3357086181641,97.1065216064453,95.2179336547852,61.842890739440904,61.85234117507933,68.13544368743898,105.960243225098,104.408378601074,107.423789978027,75.199828125,74.47699625,75.888489375,86.1227493286133,86.2891464233398,85.9648208618164,75.77185,76.28108,75.28854,33.2507209777832,3.58360004425049
3075,99.6834487915039,99.6688079833984,93.5869216918945,97.1744384765625,95.3769683837891,61.842890739440904,61.85234117507933,68.13544368743898,105.609878540039,103.908088684082,107.215858459473,92.77266,90.33389,95.07411,84.9521179199219,86.2720794677734,83.7018966674805,51.4643025,51.524164999999996,51.4083075,35.4373588562012,3.5
3076,55.84254693984985,55.80428600311279,51.65951538085938,54.227027416229255,52.933554649353034,100.193817138672,101.421546936035,100.82592010498,105.911430358887,104.179466247559,107.547050476074,94.09782,91.77869,96.28794,87.0592193603516,88.151969909668,86.026237487793,51.4643025,51.524164999999996,51.4083075,36.4444389343262,2.6699800491333
3077,99.7174835205078,99.7070770263672,93.9921798706055,97.3313369750977,95.658561706543,101.639442443848,102.990280151367,102.334838867188,106.410820007324,104.589706420898,108.132888793945,93.4963,90.9674,95.88766,88.9101715087891,90.0409393310547,87.8429183959961,78.73112,79.88474,77.64231,36.3110389709473,3
3078,55.84254693984985,55.80428600311279,51.65951538085938,54.227027416229255,52.933554649353034,61.842890739440904,61.85234117507933,68.13544368743898,94.01952028274539,93.24115419387819,94.76082086563108,75.199828125,74.47699625,75.888489375,67.87359046936035,68.07784128189087,67.68052840232849,51.4643025,51.524164999999996,51.4083075,23.760639071464535,2.84185004234314
3079,99.7776718139648,99.7795104980469,94.5523529052734,97.4493103027344,95.9990081787109,61.842890739440904,61.85234117507933,68.13544368743898,94.01952028274539,93.24115419387819,94.76082086563108,75.199828125,74.47699625,75.888489375,67.87359046936035,68.07784128189087,67.68052840232849,51.4643025,51.524164999999996,51.4083075,23.760639071464535,2.7497362494468693
3080,97.6442489624023,97.6358413696289,90.2104110717773,93.1904067993164,91.6302719116211,101.548400878906,99.6275405883789,100.573638916016,108.60083770752,107.598243713379,109.572547912598,97.87734,0.0,0.0,82.3040771484375,84.033317565918,80.5658493041992,66.67768,67.17648,66.17629,24.2164001464844,4.84568977355957
3081,98.1061172485352,97.8956604003906,89.8345108032227,93.9011993408203,91.7345199584961,101.621002197266,100.1787109375,100.888198852539,108.174766540527,107.070419311523,109.246223449707,98.05008,0.0,0.0,84.0856018066406,86.2486801147461,81.9230422973633,67.83849,68.68108,66.99611,24.7904300689697,4.69992017745972
3082,98.1988830566406,98.1560897827148,91.3555526733398,94.4415130615234,92.7951736450195,102.541519165039,101.396469116211,101.960693359375,108.799713134766,107.66877746582,109.898956298828,98.0127,0.0,0.0,84.9070510864258,87.5231018066406,82.3140563964844,68.93457,70.21508,67.66535,25.4210605621338,4.69050979614258
3083,98.4097137451172,98.3823013305664,91.45361328125,94.5921630859375,92.9255981445313,101.707801818848,100.884307861328,101.29035949707,109.424423217773,108.320953369141,110.497207641602,98.08626,0.0,0.0,86.4275283813477,89.558837890625,83.3457717895508,69.60395,71.19059,68.04242,26.1120300292969,4.82006978988647
3084,98.6700286865234,98.524658203125,92.1162490844727,94.9165725708008,93.4418792724609,99.9387588500977,99.7133178710938,99.8245162963867,110.545280456543,109.561187744141,111.50106048584,98.23304,0.0,0.0,85.9380111694336,89.3971099853516,82.5510482788086,69.68225,71.4186,67.98211,26.5867290496826,5.18794012069702
3085,98.3755722045898,98.4345169067383,91.8534164428711,94.3839416503906,93.0689392089844,100.464401245117,100.020286560059,100.239387512207,110.633491516113,109.838417053223,111.404319763184,98.0771,0.0,0.0,87.0699234008789,90.3881378173828,83.8309097290039,70.08479,71.64942,68.55751,27.5634708404541,5.15922021865845
3086,98.4165573120117,98.4617691040039,92.3382797241211,94.7827682495117,93.5199813842773,100.240592956543,100.155639648438,100.197532653809,110.540756225586,109.890098571777,111.170318603516,97.98488,0.0,0.0,88.1901779174805,91.3068771362305,85.1508712768555,70.65515,72.06915,69.27626,28.3414993286133,5.10564994812012
3087,98.7203674316406,98.8754196166992,93.1792373657227,95.3916320800781,94.228401184082,106.609817504883,105.429573059082,106.011009216309,110.413452148438,109.915298461914,110.894676208496,97.92299,0.0,0.0,90.6671981811523,93.6471633911133,87.7582778930664,71.82661,72.97666,70.70398,29.4718399047852,5.10309982299805
3088,98.5268402099609,98.5644989013672,92.903938293457,95.1121063232422,93.9628524780273,109.926551818848,108.938812255859,109.42504119873,109.441482543945,109.007751464844,109.859748840332,97.57591,0.0,0.0,93.3275527954102,95.9470520019531,90.7683868408203,75.56968,76.69695,74.46837,30.3000392913818,4.69605016708374
3089,98.9222106933594,99.0000381469727,93.5913391113281,95.6204681396484,94.5558776855469,110.774291992188,110.251930236816,110.508842468262,108.005752563477,107.700401306152,108.299682617188,96.79833,0.0,0.0,97.3433837890625,100.053466796875,94.6957931518555,77.66257,78.65028,76.69764,31.0941390991211,5.25747013092041
3090,98.8735198974609,98.944709777832,93.4854965209961,95.5493316650391,94.472282409668,105.017532348633,104.805809020996,104.909820556641,106.606109619141,106.471862792969,106.735076904297,96.07343,0.0,0.0,100.832740783691,104.093780517578,97.6499176025391,80.02575,81.00084,79.07405,31.8190402984619,5.22942018508911
3091,99.0259170532227,99.1162033081055,93.9685211181641,95.8448181152344,94.859619140625,104.016471862793,103.924026489258,103.969390869141,106.277732849121,106.333168029785,106.224578857422,95.69118,0.0,0.0,102.40406036377,106.149406433105,98.7559204101563,81.22278,82.32134,80.15272,38.4333801269531,4.90681982040405
3092,99.081298828125,99.1246871948242,94.1657562255859,95.8723678588867,94.9727783203125,104.32096862793,103.883277893066,104.097839355469,105.770011901855,106.034690856934,105.516571044922,95.30064,0.0,0.0,104.385032653809,108.219902038574,100.659362792969,81.15596,82.50117,79.84907,40.2289581298828,4.51821994781494
3093,99.2486419677734,99.3184509277344,94.6080474853516,96.2329025268555,95.3799133300781,102.629280090332,101.897537231445,102.255889892578,105.02806854248,105.360710144043,104.70987701416,79.10524249999999,0.0,0.0,105.103363037109,109.587608337402,100.758712768555,59.43376437500001,60.4092275,58.477617499999994,41.5228004455566,4.25442981719971
3094,92.45084714889525,92.46982860565186,86.84746885299683,89.11818361282349,87.92474603652954,103.250343322754,101.713859558105,102.465538024902,104.655822753906,105.141258239746,104.191802978516,79.10524249999999,0.0,0.0,104.647239685059,109.537399291992,99.9217834472656,59.43376437500001,60.4092275,58.477617499999994,42.8306999206543,4.279656857252122
3095,98.9936370849609,99.0824127197266,94.4951324462891,96.0587463378906,95.2478485107422,97.1629834175111,96.42631864547725,96.78860616683968,101.43235635757443,100.99457740783694,101.85766553878803,79.10524249999999,0.0,0.0,87.35205888748173,90.35574007034292,84.4156064987183,59.43376437500001,60.4092275,58.477617499999994,29.29578232765198,4.279656857252122
3096,24.452927589416504,24.58289146423339,24.23169851303101,24.05309057235718,24.142426013946533,97.3649978637695,89.8946228027344,93.5466384887695,105.975341796875,105.415710449219,106.510238647461,88.55488,89.64806,87.51002,82.9036026000977,87.6719589233398,78.3382873535156,58.87591,64.56834,53.42588,27.5180606842041,2.32806992530823
3097,24.452927589416504,24.58289146423339,24.23169851303101,24.05309057235718,24.142426013946533,94.8518371582031,87.5575103759766,91.1213912963867,103.945190429688,103.265068054199,104.594612121582,86.79077,87.86851,85.76168,81.2703094482422,85.8728332519531,76.8694076538086,59.04377,64.82426,53.5165,27.842529296875,2.42579007148743
3098,24.452927589416504,24.58289146423339,24.23169851303101,24.05309057235718,24.142426013946533,93.7928924560547,88.1570587158203,90.9118728637695,104.224197387695,103.558837890625,104.858612060547,87.09612,88.2367,86.00859,81.2244873046875,85.280143737793,77.3368835449219,59.8099,65.45874,54.3951,19.325051903724667,2.48517990112305
3099,97.0199508666992,97.7508010864258,95.8256301879883,95.0121307373047,95.4200973510742,94.8257293701172,88.9050903320313,91.7959213256836,105.80785369873,105.275901794434,106.313102722168,88.12346,89.40371,86.90749,81.9643783569336,85.584228515625,78.4924163818359,60.34316,65.7531,55.15425,29.1591606140137,2.58282995223999
3100,24.452927589416504,24.58289146423339,24.23169851303101,24.05309057235718,24.142426013946533,94.4606323242188,88.7246780395508,91.5191192626953,107.761581420898,107.140197753906,108.348648071289,89.88861,91.14398,88.70254,84.1160278320313,87.4812469482422,80.8932189941406,61.04577,66.32326,55.99163,28.4896202087402,2.53777003288269
3101,24.452927589416504,24.58289146423339,24.23169851303101,24.05309057235718,24.142426013946533,56.56721210479739,54.40633440017698,55.45947074890138,73.23201608657838,72.39121150970458,74.03098392486582,51.189673125,51.658549375,50.74460375,58.42031860351563,61.24825191497803,55.74559259414672,26.9396225,29.397163125000002,24.600571249999998,29.5638408660889,2.30999994277954
3102,24.452927589416504,24.58289146423339,24.23169851303101,24.05309057235718,24.142426013946533,56.56721210479739,54.40633440017698,55.45947074890138,73.23201608657838,72.39121150970458,74.03098392486582,51.189673125,51.658549375,50.74460375,58.42031860351563,61.24825191497803,55.74559259414672,26.9396225,29.397163125000002,24.600571249999998,30.7960090637207,2.3841943591833124
3103,24.452927589416504,24.58289146423339,24.23169851303101,24.05309057235718,24.142426013946533,56.56721210479739,54.40633440017698,55.45947074890138,73.23201608657838,72.39121150970458,74.03098392486582,51.189673125,51.658549375,50.74460375,58.42031860351563,61.24825191497803,55.74559259414672,26.9396225,29.397163125000002,24.600571249999998,31.2064800262451,2.3841943591833124
3104,97.4254302978516,98.1083526611328,96.7873611450195,96.0083389282227,96.3980026245117,56.56721210479739,54.40633440017698,55.45947074890138,73.23201608657838,72.39121150970458,74.03098392486582,51.189673125,51.658549375,50.74460375,58.42031860351563,61.24825191497803,55.74559259414672,26.9396225,29.397163125000002,24.600571249999998,33.5227813720703,3.01999998092651
3105,24.452927589416504,24.58289146423339,24.23169851303101,24.05309057235718,24.142426013946533,101.720069885254,95.6670684814453,98.5869064331055,113.053520202637,111.850402832031,114.182151794434,95.36339,96.1798,94.59754,86.9658584594727,90.8691787719727,83.3027114868164,66.35664,72.09681,60.96966,35.6268882751465,2.78999996185303
3106,98.9041519165039,99.0826034545898,98.2417526245117,98.1232528686523,98.1825485229492,56.56721210479739,54.40633440017698,55.45947074890138,112.250930786133,110.497161865234,113.904693603516,95.0759,95.64566,94.53863,87.8510589599609,91.4951400756836,84.4397201538086,65.55881,71.3301,60.15612,19.325051903724667,3.32999992370605
3107,24.452927589416504,24.58289146423339,24.23169851303101,24.05309057235718,24.142426013946533,56.56721210479739,54.40633440017698,55.45947074890138,110.173927307129,108.258697509766,111.990432739258,94.36604,94.72036,94.02999,88.455810546875,92.5242080688477,84.6558609008789,26.9396225,29.397163125000002,24.600571249999998,19.325051903724667,3.5699999332428
3108,24.452927589416504,24.58289146423339,24.23169851303101,24.05309057235718,24.142426013946533,109.614151000977,107.795097351074,108.677528381348,107.509773254395,105.515182495117,109.410850524902,93.7756,93.69001,93.85718,86.1629104614258,90.6489791870117,81.9696884155273,26.9396225,29.397163125000002,24.600571249999998,35.4754600524902,4.40000009536743
3109,24.452927589416504,24.58289146423339,24.23169851303101,24.05309057235718,24.142426013946533,113.393310546875,117.373992919922,115.436897277832,101.86222076416,99.869270324707,103.766967773438,51.189673125,51.658549375,50.74460375,84.0453872680664,88.6372528076172,79.7477569580078,26.9396225,29.397163125000002,24.600571249999998,19.325051903724667,3.1331000328064
3110,97.8973083496094,98.3845062255859,96.8524322509766,95.7057266235352,96.2781677246094,105.051773071289,106.426231384277,105.755256652832,99.1477203369141,97.6129531860352,100.615432739258,51.189673125,51.658549375,50.74460375,89.765266418457,93.9068603515625,85.8835296630859,26.9396225,29.397163125000002,24.600571249999998,19.325051903724667,3.23436999320984
3111,24.452927589416504,24.58289146423339,24.23169851303101,24.05309057235718,24.142426013946533,56.56721210479739,54.40633440017698,55.45947074890138,73.23201608657838,72.39121150970458,74.03098392486582,51.189673125,51.658549375,50.74460375,58.42031860351563,61.24825191497803,55.74559259414672,26.9396225,29.397163125000002,24.600571249999998,19.325051903724667,2.3841943591833124
3112,27.572206974029537,25.641024589538574,15.140887260437008,23.29653549194336,19.04214930534363,63.5046081542969,88.5897903442383,76.0460815429688,114.629112243652,105.303161621094,123.959396362305,89.39777,82.69166,96.107,46.1598281860352,31.9985809326172,60.3445816040039,2.563336875,2.090759375,3.032858125,9.030720025300973,3.15978002548218
3113,84.8553237915039,76.4529418945313,44.3766288757324,70.2702713012695,56.888370513916,63.5002784729004,87.487060546875,75.4973526000977,117.746383666992,108.912246704102,126.581771850586,90.3895,43.0429775,47.01958375,48.3914489746094,34.1646614074707,62.6278114318848,2.563336875,2.090759375,3.032858125,5.03267002105713,3.43500995635986
3114,27.572206974029537,25.641024589538574,15.140887260437008,23.29653549194336,19.04214930534363,63.40721344947816,75.87827491760254,69.65218305587769,111.086860656738,103.102912902832,119.067420959473,88.35913,82.74813,93.96773,45.4135513305664,31.420389175415,59.4066200256348,2.563336875,2.090759375,3.032858125,5.71439981460571,3.51062989234924
3115,27.572206974029537,25.641024589538574,15.140887260437008,23.29653549194336,19.04214930534363,56.2574310302734,77.9553375244141,67.1138763427734,111.29328918457,104.084541320801,118.492797851563,88.98036,83.95373,94.00056,16.098367452621467,9.352932572364807,15.871495246887212,2.563336875,2.090759375,3.032858125,9.030720025300973,3.2853000164032
3116,87.6279983520508,81.7359924316406,43.6068992614746,71.1663513183594,57.0933799743652,55.9714584350586,76.1101837158203,66.0527114868164,125.150680541992,115.26049041748,135.01936340332,50.68308187499999,43.0429775,47.01958375,16.098367452621467,9.352932572364807,15.871495246887212,2.563336875,2.090759375,3.032858125,9.030720025300973,3.86788010597229
3117,27.572206974029537,25.641024589538574,15.140887260437008,23.29653549194336,19.04214930534363,61.0449600219727,79.6378631591797,70.3570785522461,127.337432861328,120.797286987305,133.858688354492,50.68308187499999,43.0429775,47.01958375,16.098367452621467,9.352932572364807,15.871495246887212,2.563336875,2.090759375,3.032858125,9.33594036102295,4.09635019302368
3118,86.9166793823242,79.8859100341797,47.9773902893066,74.0568237304688,60.4099388122559,62.9143905639648,80.8850936889648,71.9178695678711,124.709121704102,118.83952331543,130.559616088867,50.68308187499999,43.0429775,47.01958375,55.7633209228516,9.352932572364807,15.871495246887212,2.563336875,2.090759375,3.032858125,10.1903600692749,4.3092999458313
3119,27.572206974029537,25.641024589538574,15.140887260437008,23.29653549194336,19.04214930534363,66.7904663085938,83.4326934814453,75.1290817260742,127.214179992676,122.157508850098,132.251876831055,50.68308187499999,43.0429775,47.01958375,16.098367452621467,9.352932572364807,15.871495246887212,2.563336875,2.090759375,3.032858125,11.3627901077271,4.71920013427734
3120,27.572206974029537,25.641024589538574,15.140887260437008,23.29653549194336,19.04214930534363,71.5605926513672,85.0916900634766,78.3417282104492,127.433181762695,123.194961547852,131.653442382813,50.68308187499999,43.0429775,47.01958375,16.098367452621467,9.352932572364807,15.871495246887212,2.563336875,2.090759375,3.032858125,11.5700998306274,4.42364978790283
3121,27.572206974029537,25.641024589538574,15.140887260437008,23.29653549194336,19.04214930534363,78.0848999023438,90.2843017578125,84.2005004882813,123.945831298828,120.264259338379,127.610313415527,90.31769,87.1824,93.43842,16.098367452621467,9.352932572364807,15.871495246887212,2.563336875,2.090759375,3.032858125,11.2848997116089,4.78455018997192
3122,89.6724700927734,84.2901077270508,51.2417793273926,77.2594299316406,63.7456207275391,63.40721344947816,75.87827491760254,69.65218305587769,128.044006347656,124.857452392578,131.214904785156,91.97388,88.89822,95.03442,16.098367452621467,9.352932572364807,15.871495246887212,2.563336875,2.090759375,3.032858125,11.5625,5.10860013961792
3123,27.572206974029537,25.641024589538574,15.140887260437008,23.29653549194336,19.04214930534363,89.0221405029297,96.3854598999023,92.7151489257813,125.107147216797,122.001083374023,128.19758605957,89.86424,86.86441,92.84897,16.098367452621467,9.352932572364807,15.871495246887212,2.563336875,2.090759375,3.032858125,12.8602199554443,3.68649005889893
3124,27.572206974029537,25.641024589538574,15.140887260437008,23.29653549194336,19.04214930534363,87.4153213500977,95.775260925293,91.6078109741211,124.350967407227,121.412872314453,127.273872375488,90.91577,88.03994,93.7767,61.8457298278809,52.063289642334,71.5649108886719,41.01339,33.45215,48.52573,12.9899396896362,3.7605299949646
3125,27.572206974029537,25.641024589538574,15.140887260437008,23.29653549194336,19.04214930534363,86.8541488647461,92.4738006591797,89.6725616455078,123.764633178711,121.518768310547,125.998207092285,90.73097,88.30915,93.13954,16.098367452621467,9.352932572364807,15.871495246887212,2.563336875,2.090759375,3.032858125,13.5117502212524,4.04394006729126
3126,92.0828399658203,87.8914413452148,55.0514984130859,79.9916915893555,66.5370788574219,85.1862869262695,89.6470413208008,87.4238662719727,124.31861114502,122.185943603516,126.438911437988,50.68308187499999,43.0429775,47.01958375,16.098367452621467,9.352932572364807,15.871495246887212,2.563336875,2.090759375,3.032858125,13.6758804321289,4.96937990188599
3127,27.572206974029537,25.641024589538574,15.140887260437008,23.29653549194336,19.04214930534363,86.4084320068359,90.2968215942383,88.359260559082,126.272987365723,124.421676635742,128.113143920898,50.68308187499999,43.0429775,47.01958375,16.098367452621467,9.352932572364807,15.871495246887212,2.563336875,2.090759375,3.032858125,15.4000701904297,3.822536900639534
3128,0.0,0.0,0.0,0.0,0.0,18.499125003814733,18.918268680572552,18.71337175369267,101.8740234375,101.310600280762,102.411376953125,94.77826,95.41847,94.16765,95.0524826049805,95.9484786987305,94.2021102905273,89.34377,90.70646,88.05048,80.6348266601563,0.0
3129,0.0,0.0,0.0,0.0,0.0,18.499125003814733,18.918268680572552,18.71337175369267,50.42030715942386,50.3357405662537,50.50119781494136,52.68899937500001,52.79464812500001,52.587993125000004,48.92983388900758,48.9437460899353,48.91732025146487,50.75123375000001,51.23414125,50.2908675,43.754240989685066,0.0
3130,0.0,0.0,0.0,0.0,0.0,18.499125003814733,18.918268680572552,18.71337175369267,50.42030715942386,50.3357405662537,50.50119781494136,52.68899937500001,52.79464812500001,52.587993125000004,48.92983388900758,48.9437460899353,48.91732025146487,50.75123375000001,51.23414125,50.2908675,43.754240989685066,0.0
3131,0.0,0.0,0.0,0.0,0.0,18.499125003814733,18.918268680572552,18.71337175369267,50.42030715942386,50.3357405662537,50.50119781494136,52.68899937500001,52.79464812500001,52.587993125000004,48.92983388900758,48.9437460899353,48.91732025146487,50.75123375000001,51.23414125,50.2908675,43.754240989685066,0.0
3132,0.0,0.0,0.0,0.0,0.0,18.499125003814733,18.918268680572552,18.71337175369267,50.42030715942386,50.3357405662537,50.50119781494136,52.68899937500001,52.79464812500001,52.587993125000004,48.92983388900758,48.9437460899353,48.91732025146487,50.75123375000001,51.23414125,50.2908675,43.754240989685066,0.0
3133,0.0,0.0,0.0,0.0,0.0,18.499125003814733,18.918268680572552,18.71337175369267,50.42030715942386,50.3357405662537,50.50119781494136,93.37426,93.51886,93.23588,48.92983388900758,48.9437460899353,48.91732025146487,88.38466,89.18024,87.62882,43.754240989685066,0.0
3134,0.0,0.0,0.0,0.0,0.0,18.499125003814733,18.918268680572552,18.71337175369267,50.42030715942386,50.3357405662537,50.50119781494136,92.44255,93.06796,91.84373,48.92983388900758,48.9437460899353,48.91732025146487,89.75284,90.47964,89.06161,43.754240989685066,0.0
3135,0.0,0.0,0.0,0.0,0.0,18.499125003814733,18.918268680572552,18.71337175369267,50.42030715942386,50.3357405662537,50.50119781494136,92.79303,92.63905,92.94052,48.92983388900758,48.9437460899353,48.91732025146487,89.29903,90.32571,88.32107,43.754240989685066,0.0
3136,0.0,0.0,0.0,0.0,0.0,18.499125003814733,18.918268680572552,18.71337175369267,99.455436706543,99.0333786010742,99.859748840332,92.80851,92.74006,92.87408,96.1864929199219,96.3090591430664,96.0696334838867,89.46575,90.09343,88.8673,88.7264175415039,0.0
3137,0.0,0.0,0.0,0.0,0.0,18.499125003814733,18.918268680572552,18.71337175369267,99.6733779907227,99.502082824707,99.8374404907227,93.2305,93.57871,92.897,96.9245376586914,97.5130462646484,96.3625335693359,89.86874,91.08553,88.70675,88.6268692016602,0.0
3138,0.0,0.0,0.0,0.0,0.0,18.499125003814733,18.918268680572552,18.71337175369267,100.299911499023,100.287261962891,100.312042236328,93.8973,94.31605,93.49589,97.6525497436523,98.1735763549805,97.1537170410156,91.27156,92.66306,89.93936,88.8894119262695,0.0
3139,0.0,0.0,0.0,0.0,0.0,18.499125003814733,18.918268680572552,18.71337175369267,101.362861633301,101.276412963867,101.445777893066,95.07325,94.85693,95.28074,98.7699279785156,98.4747085571289,99.0528335571289,92.18317,92.17723,92.18887,88.8350524902344,0.0
3140,0.0,0.0,0.0,0.0,0.0,97.1660308837891,100.429466247559,98.8321990966797,101.821441650391,101.421997070313,102.204460144043,94.62633,94.57828,94.6724,98.9523391723633,98.695556640625,99.1985168457031,92.45022,93.03496,91.88962,88.1673889160156,0.0
3141,0.0,0.0,0.0,0.0,0.0,95.4763412475586,104.510192871094,100.092697143555,101.256561279297,101.19637298584,101.314239501953,52.68899937500001,52.79464812500001,52.587993125000004,99.2755813598633,98.7960586547852,99.7356567382813,50.75123375000001,51.23414125,50.2908675,88.2991790771484,0.0
3142,0.0,0.0,0.0,0.0,0.0,103.343627929688,97.7526397705078,100.489051818848,100.981300354004,101.343742370605,100.634078979492,52.68899937500001,52.79464812500001,52.587993125000004,100.063430786133,99.189453125,100.902122497559,50.75123375000001,51.23414125,50.2908675,87.8887100219727,0.0
3143,0.0,0.0,0.0,0.0,0.0,18.499125003814733,18.918268680572552,18.71337175369267,50.42030715942386,50.3357405662537,50.50119781494136,52.68899937500001,52.79464812500001,52.587993125000004,48.92983388900758,48.9437460899353,48.91732025146487,50.75123375000001,51.23414125,50.2908675,43.754240989685066,0.0
